{
  "project_info": {
    "project_number": "870635264695",
    "firebase_url": "https://quickstudy-8d8ce.firebaseio.com",
    "project_id": "quickstudy-8d8ce",
    "storage_bucket": "quickstudy-8d8ce.appspot.com"
  },
  "client": [
    {
      "client_info": {
        "mobilesdk_app_id": "1:870635264695:android:a8ea96b46121507a",
        "android_client_info": {
          "package_name": "cengboyz.quickstudy"
        }
      },
      "oauth_client": [
        {
          "client_id": "870635264695-d82f8n4ie7db4antuh433me67a14bvof.apps.googleusercontent.com",
          "client_type": 3
        }
      ],
      "api_key": [
        {
          "current_key": "AIzaSyCJM-Nn-4bdv0_2IFyDa3hNsjN1zfhNGso"
        }
      ],
      "services": {
        "analytics_service": {
          "status": 1
        },
        "appinvite_service": {
          "status": 1,
          "other_platform_oauth_client": []
        },
        "ads_service": {
          "status": 2
        }
      }
    },
    {
      "client_info": {
        "mobilesdk_app_id": "1:870635264695:android:71ae9dfe72fdd5b7",
        "android_client_info": {
          "package_name": "cengboiz.quickstudy"
        }
      },
      "oauth_client": [
        {
          "client_id": "870635264695-t0p6jbmc4ks7u62r1vc4p0bc78fc8pkk.apps.googleusercontent.com",
          "client_type": 1,
          "android_info": {
            "package_name": "cengboiz.quickstudy",
            "certificate_hash": "b518c5b0509f8ef52b47c4e534a9633312262eec"
          }
        },
        {
          "client_id": "870635264695-d82f8n4ie7db4antuh433me67a14bvof.apps.googleusercontent.com",
          "client_type": 3
        }
      ],
      "api_key": [
        {
          "current_key": "AIzaSyCJM-Nn-4bdv0_2IFyDa3hNsjN1zfhNGso"
        }
      ],
      "services": {
        "analytics_service": {
          "status": 1
        },
        "appinvite_service": {
          "status": 2,
          "other_platform_oauth_client": [
            {
              "client_id": "870635264695-d82f8n4ie7db4antuh433me67a14bvof.apps.googleusercontent.com",
              "client_type": 3
            }
          ]
        },
        "ads_service": {
          "status": 2
        }
      }
    }
  ],
  "configuration_version": "1"
}